EpochTimestamp,EmotiBitTimestamp,PacketNumber,DataLength,TypeTag,ProtocolVersion,DataReliability,EA
1631709008.054760,143653.000,23486,2,EA,1,100,0.029224
1631709008.054760,143653.000,23486,2,EA,1,100,0.029224
1631709008.119887,143718.000,23505,1,EA,1,100,0.029228
1631709008.185515,143783.500,23524,2,EA,1,100,0.029226
1631709008.251143,143849.000,23524,2,EA,1,100,0.029225
1631709008.315269,143913.000,23542,2,EA,1,100,0.029220
1631709008.379394,143977.000,23542,2,EA,1,100,0.029222
1631709008.445524,144043.000,23559,1,EA,1,100,0.029226
1631709008.510651,144108.000,23577,2,EA,1,100,0.029224
1631709008.575778,144173.000,23577,2,EA,1,100,0.029225
1631709008.641907,144239.000,23596,1,EA,1,100,0.029222
1631709008.707034,144304.000,23614,2,EA,1,100,0.029225
1631709008.772162,144369.000,23614,2,EA,1,100,0.029231
1631709008.837289,144434.000,23631,1,EA,1,100,0.029223
1631709008.902917,144499.500,23649,2,EA,1,100,0.029220
1631709008.968545,144565.000,23649,2,EA,1,100,0.029225
1631709009.034675,144631.000,23668,1,EA,1,100,0.029218
1631709009.100303,144696.500,23687,2,EA,1,100,0.029216
1631709009.165931,144762.000,23687,2,EA,1,100,0.029229
1631709009.231560,144827.500,23706,2,EA,1,100,0.029226
1631709009.297188,144893.000,23706,2,EA,1,100,0.029228
1631709009.361313,144957.000,23722,1,EA,1,100,0.029232
1631709009.426440,145022.000,23741,2,EA,1,100,0.029230
1631709009.491568,145087.000,23741,2,EA,1,100,0.029234
1631709009.556695,145152.000,23759,1,EA,1,100,0.029221
1631709009.622824,145218.000,23778,2,EA,1,100,0.029219
1631709009.688953,145284.000,23778,2,EA,1,100,0.029226
1631709009.754081,145349.000,23794,1,EA,1,100,0.029219
1631709009.819709,145414.500,23813,2,EA,1,100,0.029224
1631709009.885337,145480.000,23813,2,EA,1,100,0.029227
1631709009.950464,145545.000,23831,1,EA,1,100,0.029227
1631709010.016093,145610.500,23851,2,EA,1,100,0.029224
1631709010.081721,145676.000,23851,2,EA,1,100,0.029226
1631709010.147349,145741.500,23869,2,EA,1,100,0.029222
1631709010.212977,145807.000,23869,2,EA,1,100,0.029222
1631709010.279107,145873.000,23886,1,EA,1,100,0.029224
1631709010.343733,145937.500,23904,2,EA,1,100,0.029234
1631709010.408359,146002.000,23904,2,EA,1,100,0.029231
1631709010.473486,146067.000,23923,1,EA,1,100,0.029236
1631709010.539115,146132.500,23941,2,EA,1,100,0.029229
1631709010.604743,146198.000,23941,2,EA,1,100,0.029234
1631709010.669870,146263.000,23958,1,EA,1,100,0.029221
1631709010.735498,146328.500,23976,2,EA,1,100,0.029223
1631709010.801127,146394.000,23976,2,EA,1,100,0.029226
1631709010.867256,146460.000,23995,1,EA,1,100,0.029216
1631709010.932383,146525.000,24013,2,EA,1,100,0.029221
1631709010.997511,146590.000,24013,2,EA,1,100,0.029242
1631709011.062638,146655.000,24033,1,EA,1,100,0.029230
1631709011.128266,146720.500,24049,2,EA,1,100,0.029216
1631709011.193894,146786.000,24049,2,EA,1,100,0.029226
1631709011.259523,146851.500,24068,2,EA,1,100,0.029218
1631709011.325151,146917.000,24068,2,EA,1,100,0.029219
1631709011.390278,146982.000,24086,1,EA,1,100,0.029226
1631709011.455405,147047.000,24105,2,EA,1,100,0.029230
1631709011.520533,147112.000,24105,2,EA,1,100,0.029228
1631709011.586662,147178.000,24121,1,EA,1,100,0.029232
1631709011.652290,147243.500,24140,2,EA,1,100,0.029225
1631709011.717918,147309.000,24140,2,EA,1,100,0.029225
1631709011.784048,147375.000,24158,1,EA,1,100,0.029218
1631709011.849676,147440.500,24177,2,EA,1,100,0.029221
1631709011.915304,147506.000,24177,2,EA,1,100,0.029228
1631709011.980431,147571.000,24193,1,EA,1,100,0.029228
1631709012.045058,147635.500,24213,2,EA,1,100,0.029225
1631709012.109684,147700.000,24213,2,EA,1,100,0.029220
1631709012.175813,147766.000,24231,1,EA,1,100,0.029228
1631709012.240941,147831.000,24250,2,EA,1,100,0.029225
1631709012.306068,147896.000,24250,2,EA,1,100,0.029218
1631709012.372197,147962.000,24271,2,EA,1,100,0.029228
1631709012.438326,148028.000,24271,2,EA,1,100,0.029225
1631709012.503453,148093.000,24290,2,EA,1,100,0.029233
1631709012.568581,148158.000,24290,2,EA,1,100,0.029228
1631709012.634710,148224.000,24306,1,EA,1,100,0.029230
1631709012.700338,148289.500,24325,2,EA,1,100,0.029227
1631709012.765967,148355.000,24325,2,EA,1,100,0.029226
1631709012.830092,148419.000,24343,1,EA,1,100,0.029217
1631709012.896221,148485.000,24362,2,EA,1,100,0.029226
1631709012.962350,148551.000,24362,2,EA,1,100,0.029227
1631709013.027478,148616.000,24379,1,EA,1,100,0.029227
1631709013.092605,148681.000,24398,2,EA,1,100,0.029225
1631709013.157732,148746.000,24398,2,EA,1,100,0.029227
1631709013.223861,148812.000,24416,1,EA,1,100,0.029227
1631709013.288989,148877.000,24435,2,EA,1,100,0.029224
1631709013.354116,148942.000,24435,2,EA,1,100,0.029223
1631709013.420245,149008.000,24453,2,EA,1,100,0.029220
1631709013.486374,149074.000,24453,2,EA,1,100,0.029227
1631709013.552504,149140.000,24470,1,EA,1,100,0.029222
1631709013.617130,149204.500,24488,2,EA,1,100,0.029228
1631709013.681756,149269.000,24488,2,EA,1,100,0.029227
1631709013.746883,149334.000,24507,1,EA,1,100,0.029234
1631709013.812011,149399.000,24525,2,EA,1,100,0.029232
1631709013.877138,149464.000,24525,2,EA,1,100,0.029220
1631709013.942265,149529.000,24542,1,EA,1,100,0.029222
1631709014.008394,149595.000,24561,2,EA,1,100,0.029225
1631709014.074524,149661.000,24561,2,EA,1,100,0.029226
1631709014.139651,149726.000,24580,1,EA,1,100,0.029227
1631709014.205279,149791.500,24598,2,EA,1,100,0.029224
1631709014.270908,149857.000,24598,2,EA,1,100,0.029222
1631709014.336035,149922.000,24617,2,EA,1,100,0.029217
1631709014.401162,149987.000,24617,2,EA,1,100,0.029224
1631709014.465287,150051.000,24633,1,EA,1,100,0.029227
1631709014.531417,150117.000,24652,2,EA,1,100,0.029219
1631709014.597546,150183.000,24652,2,EA,1,100,0.029228
1631709014.661671,150247.000,24670,1,EA,1,100,0.029227
1631709014.726799,150312.000,24689,2,EA,1,100,0.029225
1631709014.791926,150377.000,24689,2,EA,1,100,0.029226
1631709014.858055,150443.000,24705,1,EA,1,100,0.029227
1631709014.922681,150507.500,24724,2,EA,1,100,0.029222
1631709014.987308,150572.000,24724,2,EA,1,100,0.029228
1631709015.053437,150638.000,24743,1,EA,1,100,0.029225
1631709015.119566,150704.000,24762,2,EA,1,100,0.029231
1631709015.185695,150770.000,24762,2,EA,1,100,0.029227
1631709015.249820,150834.000,24780,1,EA,1,100,0.029220
1631709015.315449,150899.500,24797,2,EA,1,100,0.029224
1631709015.381077,150965.000,24797,2,EA,1,100,0.029223
1631709015.445703,151029.500,24815,2,EA,1,100,0.029225
1631709015.510330,151094.000,24815,2,EA,1,100,0.029225
1631709015.576459,151160.000,24834,1,EA,1,100,0.029225
1631709015.642087,151225.500,24852,2,EA,1,100,0.029225
1631709015.707716,151291.000,24852,2,EA,1,100,0.029228
1631709015.772843,151356.000,24869,1,EA,1,100,0.029231
1631709015.838471,151421.500,24887,2,EA,1,100,0.029220
1631709015.904099,151487.000,24887,2,EA,1,100,0.029223
1631709015.968225,151551.000,24907,1,EA,1,100,0.029219
1631709016.032851,151615.500,24925,2,EA,1,100,0.029210
1631709016.097477,151680.000,24925,2,EA,1,100,0.029225
1631709016.163606,151746.000,24944,1,EA,1,100,0.029222
1631709016.229234,151811.500,24960,2,EA,1,100,0.029228
1631709016.294863,151877.000,24960,2,EA,1,100,0.029228
1631709016.360491,151942.500,24979,2,EA,1,100,0.029223
1631709016.426119,152008.000,24979,2,EA,1,100,0.029227
1631709016.491247,152073.000,24997,1,EA,1,100,0.029225
1631709016.556374,152138.000,25016,2,EA,1,100,0.029222
1631709016.621501,152203.000,25016,2,EA,1,100,0.029221
1631709016.687630,152269.000,25032,1,EA,1,100,0.029226
1631709016.753259,152334.500,25051,2,EA,1,100,0.029228
1631709016.818887,152400.000,25051,2,EA,1,100,0.029229
1631709016.884014,152465.000,25069,1,EA,1,100,0.029226
1631709016.949642,152530.500,25089,2,EA,1,100,0.029222
1631709017.015271,152596.000,25089,2,EA,1,100,0.029221
1631709017.080398,152661.000,25105,1,EA,1,100,0.029224
1631709017.145525,152726.000,25124,2,EA,1,100,0.029226
1631709017.210653,152791.000,25124,2,EA,1,100,0.029221
1631709017.275780,152856.000,25142,2,EA,1,100,0.029222
1631709017.340907,152921.000,25142,2,EA,1,100,0.029228
1631709017.407036,152987.000,25161,1,EA,1,100,0.029228
1631709017.471830,153051.667,25185,3,EA,1,100,0.029226
1631709017.536623,153116.333,25185,3,EA,1,100,0.029227
1631709017.601416,153181.000,25185,3,EA,1,100,0.029225
1631709017.667545,153247.000,25203,1,EA,1,100,0.029228
1631709017.733174,153312.500,25222,2,EA,1,100,0.029228
1631709017.798802,153378.000,25222,2,EA,1,100,0.029226
1631709017.864931,153444.000,25240,1,EA,1,100,0.029226
1631709017.930559,153509.500,25258,2,EA,1,100,0.029227
1631709017.996188,153575.000,25258,2,EA,1,100,0.029228
1631709018.060814,153639.500,25276,2,EA,1,100,0.029218
1631709018.125440,153704.000,25276,2,EA,1,100,0.029224
1631709018.189565,153768.000,25295,1,EA,1,100,0.029223
1631709018.255695,153834.000,25313,2,EA,1,100,0.029220
1631709018.321824,153900.000,25313,2,EA,1,100,0.029228
1631709018.386951,153965.000,25330,1,EA,1,100,0.029227
1631709018.452579,154030.500,25348,2,EA,1,100,0.029226
1631709018.518208,154096.000,25348,2,EA,1,100,0.029228
1631709018.583335,154161.000,25367,1,EA,1,100,0.029226
1631709018.648462,154226.000,25385,2,EA,1,100,0.029224
1631709018.713590,154291.000,25385,2,EA,1,100,0.029225
1631709018.778717,154356.000,25404,1,EA,1,100,0.029221
1631709018.844846,154422.000,25421,2,EA,1,100,0.029226
1631709018.910975,154488.000,25421,2,EA,1,100,0.029225
1631709018.976604,154553.500,25440,2,EA,1,100,0.029226
1631709019.042232,154619.000,25440,2,EA,1,100,0.029222
1631709019.107359,154684.000,25458,1,EA,1,100,0.029225
1631709019.171484,154748.000,25477,2,EA,1,100,0.029221
1631709019.235610,154812.000,25477,2,EA,1,100,0.029219
1631709019.301739,154878.000,25493,1,EA,1,100,0.029223
1631709019.367367,154943.500,25512,2,EA,1,100,0.029229
1631709019.432996,155009.000,25512,2,EA,1,100,0.029228
1631709019.500127,155076.000,25530,1,EA,1,100,0.029228
1631709019.565755,155141.500,25549,2,EA,1,100,0.029228
1631709019.631383,155207.000,25549,2,EA,1,100,0.029229
1631709019.696510,155272.000,25565,1,EA,1,100,0.029228
1631709019.761137,155336.500,25584,2,EA,1,100,0.029223
1631709019.825763,155401.000,25584,2,EA,1,100,0.029229
1631709019.891892,155467.000,25603,1,EA,1,100,0.029228
1631709019.957020,155532.000,25622,2,EA,1,100,0.029222
1631709020.022147,155597.000,25622,2,EA,1,100,0.029226
1631709020.087775,155662.500,25640,2,EA,1,100,0.029223
1631709020.153403,155728.000,25640,2,EA,1,100,0.029224
1631709020.217529,155792.000,25657,1,EA,1,100,0.029223
1631709020.283157,155857.500,25675,2,EA,1,100,0.029220
1631709020.348785,155923.000,25675,2,EA,1,100,0.029228
1631709020.413912,155988.000,25694,1,EA,1,100,0.029229
1631709020.480042,156054.000,25712,2,EA,1,100,0.029228
1631709020.546171,156120.000,25712,2,EA,1,100,0.029227
1631709020.611298,156185.000,25729,1,EA,1,100,0.029227
1631709020.676926,156250.500,25747,2,EA,1,100,0.029226
1631709020.742555,156316.000,25747,2,EA,1,100,0.029228
1631709020.806680,156380.000,25766,1,EA,1,100,0.029226
1631709020.872308,156445.500,25785,2,EA,1,100,0.029218
1631709020.937937,156511.000,25785,2,EA,1,100,0.029227
1631709021.003064,156576.000,25804,2,EA,1,100,0.029228
1631709021.068191,156641.000,25804,2,EA,1,100,0.029221
1631709021.134320,156707.000,25820,1,EA,1,100,0.029227
1631709021.199447,156772.000,25839,2,EA,1,100,0.029223
1631709021.264575,156837.000,25839,2,EA,1,100,0.029222
1631709021.329702,156902.000,25857,1,EA,1,100,0.029228
1631709021.394829,156967.000,25876,2,EA,1,100,0.029224
1631709021.459957,157032.000,25876,2,EA,1,100,0.029229
1631709021.526086,157098.000,25892,1,EA,1,100,0.029228
1631709021.591714,157163.500,25911,2,EA,1,100,0.029228
1631709021.657342,157229.000,25911,2,EA,1,100,0.029229
1631709021.723472,157295.000,25929,1,EA,1,100,0.029228
1631709021.788098,157359.500,25949,2,EA,1,100,0.029228
1631709021.852724,157424.000,25949,2,EA,1,100,0.029226
1631709021.917851,157489.000,25967,1,EA,1,100,0.029226
1631709021.983480,157554.500,25984,2,EA,1,100,0.029226
1631709022.049108,157620.000,25984,2,EA,1,100,0.029221
1631709022.114736,157685.500,26002,2,EA,1,100,0.029226
1631709022.180364,157751.000,26002,2,EA,1,100,0.029223
1631709022.246494,157817.000,26021,1,EA,1,100,0.029222
1631709022.311621,157882.000,26039,2,EA,1,100,0.029222
1631709022.376748,157947.000,26039,2,EA,1,100,0.029226
1631709022.441875,158012.000,26056,1,EA,1,100,0.029220
1631709022.507504,158077.500,26074,2,EA,1,100,0.029222
1631709022.573132,158143.000,26074,2,EA,1,100,0.029229
1631709022.637758,158207.500,26098,2,EA,1,100,0.029226
1631709022.702384,158272.000,26098,2,EA,1,100,0.029223
1631709022.768514,158338.000,26117,2,EA,1,100,0.029229
1631709022.834643,158404.000,26117,2,EA,1,100,0.029229
1631709022.899770,158469.000,26136,1,EA,1,100,0.029228
1631709022.965399,158534.500,26154,2,EA,1,100,0.029220
1631709023.031027,158600.000,26154,2,EA,1,100,0.029227
1631709023.096154,158665.000,26171,1,EA,1,100,0.029226
1631709023.161782,158730.500,26189,2,EA,1,100,0.029222
1631709023.227411,158796.000,26189,2,EA,1,100,0.029226
1631709023.293540,158862.000,26208,1,EA,1,100,0.029227
1631709023.358667,158927.000,26226,2,EA,1,100,0.029226
1631709023.423795,158992.000,26226,2,EA,1,100,0.029226
1631709023.488922,159057.000,26245,2,EA,1,100,0.029224
1631709023.554049,159122.000,26245,2,EA,1,100,0.029229
1631709023.620178,159188.000,26261,1,EA,1,100,0.029228
1631709023.685305,159253.000,26280,2,EA,1,100,0.029218
1631709023.750433,159318.000,26280,2,EA,1,100,0.029229
1631709023.816562,159384.000,26299,1,EA,1,100,0.029224
1631709023.882190,159449.500,26318,2,EA,1,100,0.029227
1631709023.947819,159515.000,26318,2,EA,1,100,0.029222
1631709024.012946,159580.000,26334,1,EA,1,100,0.029223
1631709024.078574,159645.500,26353,2,EA,1,100,0.029229
1631709024.144202,159711.000,26353,2,EA,1,100,0.029228
1631709024.209330,159776.000,26371,1,EA,1,100,0.029220
1631709024.274457,159841.000,26390,2,EA,1,100,0.029221
1631709024.339584,159906.000,26390,2,EA,1,100,0.029228
1631709024.405713,159972.000,26408,1,EA,1,100,0.029229
1631709024.470340,160036.500,26425,2,EA,1,100,0.029221
1631709024.534966,160101.000,26425,2,EA,1,100,0.029225
1631709024.600594,160166.500,26443,2,EA,1,100,0.029228
1631709024.666222,160232.000,26443,2,EA,1,100,0.029226
1631709024.731350,160297.000,26462,1,EA,1,100,0.029222
1631709024.796978,160362.500,26481,2,EA,1,100,0.029219
1631709024.862606,160428.000,26481,2,EA,1,100,0.029226
1631709024.928735,160494.000,26498,1,EA,1,100,0.029225
1631709024.993863,160559.000,26516,2,EA,1,100,0.029221
1631709025.058990,160624.000,26516,2,EA,1,100,0.029225
1631709025.125119,160690.000,26535,1,EA,1,100,0.029225
1631709025.190246,160755.000,26553,2,EA,1,100,0.029229
1631709025.255374,160820.000,26553,2,EA,1,100,0.029230
1631709025.319499,160884.000,26570,1,EA,1,100,0.029224
1631709025.385127,160949.500,26588,2,EA,1,100,0.029225
1631709025.450756,161015.000,26588,2,EA,1,100,0.029227
1631709025.515883,161080.000,26607,2,EA,1,100,0.029225
1631709025.581010,161145.000,26607,2,EA,1,100,0.029228
1631709025.646137,161210.000,26625,1,EA,1,100,0.029227
1631709025.711766,161275.500,26644,2,EA,1,100,0.029228
1631709025.777394,161341.000,26644,2,EA,1,100,0.029227
1631709025.842521,161406.000,26661,1,EA,1,100,0.029227
1631709025.907648,161471.000,26680,2,EA,1,100,0.029218
1631709025.972776,161536.000,26680,2,EA,1,100,0.029228
1631709026.039907,161603.000,26698,1,EA,1,100,0.029225
1631709026.105034,161668.000,26717,2,EA,1,100,0.029219
1631709026.170161,161733.000,26717,2,EA,1,100,0.029220
1631709026.235289,161798.000,26733,1,EA,1,100,0.029224
1631709026.299915,161862.500,26752,2,EA,1,100,0.029224
1631709026.364541,161927.000,26752,2,EA,1,100,0.029225
1631709026.429669,161992.000,26770,1,EA,1,100,0.029225
1631709026.495297,162057.500,26789,2,EA,1,100,0.029228
1631709026.560925,162123.000,26789,2,EA,1,100,0.029228
1631709026.626052,162188.000,26807,2,EA,1,100,0.029223
1631709026.691180,162253.000,26807,2,EA,1,100,0.029229
1631709026.757309,162319.000,26825,1,EA,1,100,0.029229
1631709026.822436,162384.000,26843,2,EA,1,100,0.029225
1631709026.887563,162449.000,26843,2,EA,1,100,0.029226
1631709026.951689,162513.000,26862,1,EA,1,100,0.029222
1631709027.017818,162579.000,26880,2,EA,1,100,0.029220
1631709027.083947,162645.000,26880,2,EA,1,100,0.029229
1631709027.149075,162710.000,26897,1,EA,1,100,0.029222
1631709027.214703,162775.500,26915,2,EA,1,100,0.029223
1631709027.280331,162841.000,26915,2,EA,1,100,0.029229
1631709027.345458,162906.000,26934,1,EA,1,100,0.029227
1631709027.410084,162970.500,26952,2,EA,1,100,0.029217
1631709027.474711,163035.000,26952,2,EA,1,100,0.029229
1631709027.539838,163100.000,26971,1,EA,1,100,0.029223
1631709027.605967,163166.000,26987,2,EA,1,100,0.029220
1631709027.672096,163232.000,26987,2,EA,1,100,0.029230
1631709027.737224,163297.000,27012,2,EA,1,100,0.029230
1631709027.802351,163362.000,27012,2,EA,1,100,0.029228
1631709027.867478,163427.000,27030,1,EA,1,100,0.029229
1631709027.931604,163491.000,27049,2,EA,1,100,0.029228
1631709027.995729,163555.000,27049,2,EA,1,100,0.029221
1631709028.061858,163621.000,27067,1,EA,1,100,0.029227
1631709028.127486,163686.500,27084,2,EA,1,100,0.029227
1631709028.193115,163752.000,27084,2,EA,1,100,0.029229
1631709028.258743,163817.500,27102,2,EA,1,100,0.029229
1631709028.324371,163883.000,27102,2,EA,1,100,0.029228
1631709028.390501,163949.000,27121,1,EA,1,100,0.029228
1631709028.455628,164014.000,27139,2,EA,1,100,0.029227
1631709028.520755,164079.000,27139,2,EA,1,100,0.029228
1631709028.585882,164144.000,27156,1,EA,1,100,0.029222
1631709028.652012,164210.000,27174,2,EA,1,100,0.029223
1631709028.718141,164276.000,27174,2,EA,1,100,0.029228
1631709028.782266,164340.000,27194,1,EA,1,100,0.029222
1631709028.847894,164405.500,27212,2,EA,1,100,0.029223
1631709028.913522,164471.000,27212,2,EA,1,100,0.029228
1631709028.977648,164535.000,27229,1,EA,1,100,0.029220
1631709029.042775,164600.000,27247,2,EA,1,100,0.029221
1631709029.107903,164665.000,27247,2,EA,1,100,0.029228
1631709029.173531,164730.500,27266,2,EA,1,100,0.029228
1631709029.239159,164796.000,27266,2,EA,1,100,0.029223
1631709029.306290,164863.000,27284,1,EA,1,100,0.029229
1631709029.371418,164928.000,27303,2,EA,1,100,0.029228
1631709029.436545,164993.000,27303,2,EA,1,100,0.029222
1631709029.501672,165058.000,27319,1,EA,1,100,0.029228
1631709029.567300,165123.500,27338,2,EA,1,100,0.029226
1631709029.632928,165189.000,27338,2,EA,1,100,0.029223
1631709029.699058,165255.000,27357,1,EA,1,100,0.029229
1631709029.764686,165320.500,27376,2,EA,1,100,0.029225
1631709029.830314,165386.000,27376,2,EA,1,100,0.029224
1631709029.896443,165452.000,27392,1,EA,1,100,0.029227
1631709029.961070,165516.500,27411,2,EA,1,100,0.029229
1631709030.025696,165581.000,27411,2,EA,1,100,0.029226
1631709030.090823,165646.000,27429,1,EA,1,100,0.029228
1631709030.156451,165711.500,27448,2,EA,1,100,0.029225
1631709030.222080,165777.000,27448,2,EA,1,100,0.029220
1631709030.287708,165842.500,27466,2,EA,1,100,0.029223
1631709030.353336,165908.000,27466,2,EA,1,100,0.029229
1631709030.419466,165974.000,27483,1,EA,1,100,0.029229
1631709030.484593,166039.000,27501,2,EA,1,100,0.029229
1631709030.549720,166104.000,27501,2,EA,1,100,0.029226
1631709030.614847,166169.000,27520,1,EA,1,100,0.029220
1631709030.680476,166234.500,27539,2,EA,1,100,0.029222
1631709030.746104,166300.000,27539,2,EA,1,100,0.029230
1631709030.810229,166364.000,27556,1,EA,1,100,0.029226
1631709030.875857,166429.500,27574,2,EA,1,100,0.029223
1631709030.941486,166495.000,27574,2,EA,1,100,0.029230
1631709031.006613,166560.000,27593,1,EA,1,100,0.029229
1631709031.071740,166625.000,27611,2,EA,1,100,0.029223
1631709031.136868,166690.000,27611,2,EA,1,100,0.029228
1631709031.202997,166756.000,27630,1,EA,1,100,0.029226
1631709031.268124,166821.000,27646,2,EA,1,100,0.029227
1631709031.333251,166886.000,27646,2,EA,1,100,0.029228
1631709031.399380,166952.000,27665,2,EA,1,100,0.029224
1631709031.465510,167018.000,27665,2,EA,1,100,0.029221
1631709031.531639,167084.000,27683,1,EA,1,100,0.029229
1631709031.596265,167148.500,27702,2,EA,1,100,0.029229
1631709031.660892,167213.000,27702,2,EA,1,100,0.029227
1631709031.726019,167278.000,27719,1,EA,1,100,0.029229
1631709031.791146,167343.000,27738,2,EA,1,100,0.029223
1631709031.856273,167408.000,27738,2,EA,1,100,0.029223
1631709031.921401,167473.000,27756,1,EA,1,100,0.029229
1631709031.987530,167539.000,27775,2,EA,1,100,0.029226
1631709032.053659,167605.000,27775,2,EA,1,100,0.029223
1631709032.118786,167670.000,27791,1,EA,1,100,0.029228
1631709032.184415,167735.500,27810,2,EA,1,100,0.029226
1631709032.250043,167801.000,27810,2,EA,1,100,0.029223
1631709032.315170,167866.000,27828,1,EA,1,100,0.029228
1631709032.379797,167930.500,27847,2,EA,1,100,0.029225
1631709032.444423,167995.000,27847,2,EA,1,100,0.029223
1631709032.511053,168061.500,27865,2,EA,1,100,0.029228
1631709032.577683,168128.000,27865,2,EA,1,100,0.029230
1631709032.641809,168192.000,27883,1,EA,1,100,0.029227
1631709032.706936,168257.000,27901,2,EA,1,100,0.029226
1631709032.772063,168322.000,27901,2,EA,1,100,0.029230
1631709032.838192,168388.000,27920,1,EA,1,100,0.029221
1631709032.902819,168452.500,27943,2,EA,1,100,0.029222
1631709032.967445,168517.000,27943,2,EA,1,100,0.029230
1631709033.033574,168583.000,27960,1,EA,1,100,0.029229
1631709033.099703,168649.000,27978,2,EA,1,100,0.029228
1631709033.165833,168715.000,27978,2,EA,1,100,0.029226
1631709033.229958,168779.000,27997,1,EA,1,100,0.029219
1631709033.295586,168844.500,28015,2,EA,1,100,0.029223
1631709033.361214,168910.000,28015,2,EA,1,100,0.029229
1631709033.425841,168974.500,28034,2,EA,1,100,0.029218
1631709033.490467,169039.000,28034,2,EA,1,100,0.029222
1631709033.556596,169105.000,28050,1,EA,1,100,0.029230
1631709033.622225,169170.500,28070,2,EA,1,100,0.029230
1631709033.687853,169236.000,28070,2,EA,1,100,0.029229
1631709033.752980,169301.000,28088,1,EA,1,100,0.029226
1631709033.818608,169366.500,28107,2,EA,1,100,0.029226
1631709033.884237,169432.000,28107,2,EA,1,100,0.029225
1631709033.949364,169497.000,28125,2,EA,1,100,0.029227
1631709034.014491,169562.000,28125,2,EA,1,100,0.029221
1631709034.078616,169626.000,28142,1,EA,1,100,0.029223
1631709034.144746,169692.000,28160,2,EA,1,100,0.029227
1631709034.210875,169758.000,28160,2,EA,1,100,0.029227
1631709034.275000,169822.000,28179,1,EA,1,100,0.029225
1631709034.340628,169887.500,28197,2,EA,1,100,0.029228
1631709034.406257,169953.000,28197,2,EA,1,100,0.029227
1631709034.471384,170018.000,28216,1,EA,1,100,0.029223
1631709034.536511,170083.000,28233,2,EA,1,100,0.029225
1631709034.601639,170148.000,28233,2,EA,1,100,0.029226
1631709034.667267,170213.500,28252,2,EA,1,100,0.029227
1631709034.732895,170279.000,28252,2,EA,1,100,0.029228
1631709034.799024,170345.000,28270,1,EA,1,100,0.029226
1631709034.864652,170410.500,28289,2,EA,1,100,0.029222
1631709034.930281,170476.000,28289,2,EA,1,100,0.029229
1631709034.995408,170541.000,28305,1,EA,1,100,0.029227
1631709035.060034,170605.500,28324,2,EA,1,100,0.029230
1631709035.124660,170670.000,28324,2,EA,1,100,0.029230
1631709035.190790,170736.000,28342,1,EA,1,100,0.029230
1631709035.256418,170801.500,28361,2,EA,1,100,0.029225
1631709035.322046,170867.000,28361,2,EA,1,100,0.029227
1631709035.388175,170933.000,28377,1,EA,1,100,0.029230
1631709035.453303,170998.000,28396,2,EA,1,100,0.029229
1631709035.518430,171063.000,28396,2,EA,1,100,0.029228
1631709035.583056,171127.500,28415,2,EA,1,100,0.029224
1631709035.647683,171192.000,28415,2,EA,1,100,0.029228
1631709035.712810,171257.000,28434,1,EA,1,100,0.029226
1631709035.779440,171323.500,28452,2,EA,1,100,0.029227
1631709035.846070,171390.000,28452,2,EA,1,100,0.029225
1631709035.910196,171454.000,28469,1,EA,1,100,0.029222
1631709035.975824,171519.500,28487,2,EA,1,100,0.029223
1631709036.041452,171585.000,28487,2,EA,1,100,0.029229
1631709036.105577,171649.000,28506,1,EA,1,100,0.029224
1631709036.170705,171714.000,28524,2,EA,1,100,0.029228
1631709036.235832,171779.000,28524,2,EA,1,100,0.029226
1631709036.301961,171845.000,28541,1,EA,1,100,0.029222
1631709036.367589,171910.500,28559,2,EA,1,100,0.029228
1631709036.433218,171976.000,28559,2,EA,1,100,0.029225
1631709036.498345,172041.000,28578,1,EA,1,100,0.029223
1631709036.563472,172106.000,28597,2,EA,1,100,0.029228
1631709036.628600,172171.000,28597,2,EA,1,100,0.029228
1631709036.693727,172236.000,28616,2,EA,1,100,0.029229
1631709036.758854,172301.000,28616,2,EA,1,100,0.029225
1631709036.824983,172367.000,28632,1,EA,1,100,0.029225
1631709036.890111,172432.000,28651,2,EA,1,100,0.029219
1631709036.955238,172497.000,28651,2,EA,1,100,0.029228
1631709037.021367,172563.000,28669,1,EA,1,100,0.029224
1631709037.085994,172627.500,28688,2,EA,1,100,0.029222
1631709037.150620,172692.000,28688,2,EA,1,100,0.029230
1631709037.214745,172756.000,28704,1,EA,1,100,0.029229
1631709037.280373,172821.500,28723,2,EA,1,100,0.029227
1631709037.346002,172887.000,28723,2,EA,1,100,0.029229
1631709037.412131,172953.000,28741,1,EA,1,100,0.029224
1631709037.477759,173018.500,28761,2,EA,1,100,0.029223
1631709037.543387,173084.000,28761,2,EA,1,100,0.029225
1631709037.609517,173150.000,28779,1,EA,1,100,0.029228
1631709037.674143,173214.500,28796,2,EA,1,100,0.029224
1631709037.738769,173279.000,28796,2,EA,1,100,0.029227
1631709037.804397,173344.500,28814,2,EA,1,100,0.029229
1631709037.870026,173410.000,28814,2,EA,1,100,0.029225
1631709037.936155,173476.000,28833,1,EA,1,100,0.029224
1631709038.001282,173541.000,28856,2,EA,1,100,0.029224
1631709038.066409,173606.000,28856,2,EA,1,100,0.029229
1631709038.131036,173670.500,28875,2,EA,1,100,0.029228
1631709038.195662,173735.000,28875,2,EA,1,100,0.029229
1631709038.260789,173800.000,28891,1,EA,1,100,0.029229
1631709038.326417,173865.500,28910,2,EA,1,100,0.029222
1631709038.392046,173931.000,28910,2,EA,1,100,0.029218
1631709038.458175,173997.000,28928,1,EA,1,100,0.029227
1631709038.523803,174062.500,28948,2,EA,1,100,0.029223
1631709038.589432,174128.000,28948,2,EA,1,100,0.029229
1631709038.655561,174194.000,28966,1,EA,1,100,0.029227
1631709038.720187,174258.500,28983,2,EA,1,100,0.029224
1631709038.784813,174323.000,28983,2,EA,1,100,0.029228
1631709038.850442,174388.500,29001,2,EA,1,100,0.029225
1631709038.916070,174454.000,29001,2,EA,1,100,0.029223
1631709038.981197,174519.000,29020,1,EA,1,100,0.029222
1631709039.047326,174585.000,29038,2,EA,1,100,0.029227
1631709039.113456,174651.000,29038,2,EA,1,100,0.029230
1631709039.178583,174716.000,29055,1,EA,1,100,0.029225
1631709039.244211,174781.500,29073,2,EA,1,100,0.029225
1631709039.309839,174847.000,29073,2,EA,1,100,0.029229
1631709039.374967,174912.000,29092,1,EA,1,100,0.029229
1631709039.440595,174977.500,29111,2,EA,1,100,0.029229
1631709039.506223,175043.000,29111,2,EA,1,100,0.029223
1631709039.572352,175109.000,29128,1,EA,1,100,0.029229
1631709039.637981,175174.500,29146,2,EA,1,100,0.029227
1631709039.703609,175240.000,29146,2,EA,1,100,0.029221
1631709039.768736,175305.000,29165,1,EA,1,100,0.029227
1631709039.833362,175369.500,29183,2,EA,1,100,0.029226
1631709039.897989,175434.000,29183,2,EA,1,100,0.029218
1631709039.963617,175499.500,29202,2,EA,1,100,0.029226
1631709040.029245,175565.000,29202,2,EA,1,100,0.029228
1631709040.094373,175630.000,29218,1,EA,1,100,0.029226
1631709040.160502,175696.000,29237,2,EA,1,100,0.029218
1631709040.226631,175762.000,29237,2,EA,1,100,0.029219
1631709040.292760,175828.000,29255,1,EA,1,100,0.029229
1631709040.357888,175893.000,29274,2,EA,1,100,0.029237
1631709040.423015,175958.000,29274,2,EA,1,100,0.029231
1631709040.488142,176023.000,29291,1,EA,1,100,0.029220
1631709040.553770,176088.500,29310,2,EA,1,100,0.029223
1631709040.619399,176154.000,29310,2,EA,1,100,0.029228
1631709040.684526,176219.000,29328,1,EA,1,100,0.029221
1631709040.750154,176284.500,29347,2,EA,1,100,0.029225
1631709040.815782,176350.000,29347,2,EA,1,100,0.029229
1631709040.880910,176415.000,29365,1,EA,1,100,0.029225
1631709040.946538,176480.500,29382,2,EA,1,100,0.029223
1631709041.012166,176546.000,29382,2,EA,1,100,0.029229
1631709041.077293,176611.000,29400,2,EA,1,100,0.029228
1631709041.142421,176676.000,29400,2,EA,1,100,0.029228
1631709041.208550,176742.000,29419,1,EA,1,100,0.029219
1631709041.274679,176808.000,29437,2,EA,1,100,0.029226
1631709041.340808,176874.000,29437,2,EA,1,100,0.029229
1631709041.404934,176938.000,29454,1,EA,1,100,0.029227
1631709041.470061,177003.000,29473,2,EA,1,100,0.029226
1631709041.535188,177068.000,29473,2,EA,1,100,0.029228
1631709041.601317,177134.000,29492,1,EA,1,100,0.029228
1631709041.666445,177199.000,29510,2,EA,1,100,0.029226
1631709041.731572,177264.000,29510,2,EA,1,100,0.029227
1631709041.797701,177330.000,29527,1,EA,1,100,0.029226
1631709041.863329,177395.500,29545,2,EA,1,100,0.029228
1631709041.928958,177461.000,29545,2,EA,1,100,0.029227
1631709041.994586,177526.500,29564,2,EA,1,100,0.029226
1631709042.060214,177592.000,29564,2,EA,1,100,0.029227
1631709042.125341,177657.000,29582,1,EA,1,100,0.029227
1631709042.189968,177721.500,29601,2,EA,1,100,0.029228
1631709042.254594,177786.000,29601,2,EA,1,100,0.029227
1631709042.319721,177851.000,29617,1,EA,1,100,0.029228
1631709042.385350,177916.500,29636,2,EA,1,100,0.029228
1631709042.450978,177982.000,29636,2,EA,1,100,0.029228
1631709042.516105,178047.000,29655,1,EA,1,100,0.029227
1631709042.581733,178112.500,29674,2,EA,1,100,0.029226
1631709042.647362,178178.000,29674,2,EA,1,100,0.029227
1631709042.712489,178243.000,29690,1,EA,1,100,0.029222
1631709042.778117,178308.500,29709,2,EA,1,100,0.029222
1631709042.843745,178374.000,29709,2,EA,1,100,0.029227
1631709042.909875,178440.000,29727,1,EA,1,100,0.029226
1631709042.975002,178505.000,29746,2,EA,1,100,0.029226
1631709043.040129,178570.000,29746,2,EA,1,100,0.029228
1631709043.105591,178635.333,29770,3,EA,1,100,0.029227
1631709043.171052,178700.667,29770,3,EA,1,100,0.029227
1631709043.236513,178766.000,29770,3,EA,1,100,0.029228
1631709043.300638,178830.000,29788,1,EA,1,100,0.029228
1631709043.366266,178895.500,29807,2,EA,1,100,0.029229
1631709043.431895,178961.000,29807,2,EA,1,100,0.029228
1631709043.497022,179026.000,29824,1,EA,1,100,0.029228
1631709043.562149,179091.000,29843,2,EA,1,100,0.029225
1631709043.627277,179156.000,29843,2,EA,1,100,0.029216
1631709043.693406,179222.000,29861,1,EA,1,100,0.029226
1631709043.758533,179287.000,29880,2,EA,1,100,0.029223
1631709043.823660,179352.000,29880,2,EA,1,100,0.029223
1631709043.888788,179417.000,29898,2,EA,1,100,0.029227
1631709043.953915,179482.000,29898,2,EA,1,100,0.029228
1631709044.020044,179548.000,29915,1,EA,1,100,0.029229
1631709044.085171,179613.000,29933,2,EA,1,100,0.029229
1631709044.150299,179678.000,29933,2,EA,1,100,0.029229
1631709044.215426,179743.000,29952,1,EA,1,100,0.029227
1631709044.280052,179807.500,29970,2,EA,1,100,0.029227
1631709044.344679,179872.000,29970,2,EA,1,100,0.029228
1631709044.409806,179937.000,29988,1,EA,1,100,0.029224
1631709044.475434,180002.500,30006,2,EA,1,100,0.029225
1631709044.541062,180068.000,30006,2,EA,1,100,0.029229
1631709044.607192,180134.000,30025,1,EA,1,100,0.029229
1631709044.672319,180199.000,30043,2,EA,1,100,0.029227
1631709044.737446,180264.000,30043,2,EA,1,100,0.029227
1631709044.802573,180329.000,30062,2,EA,1,100,0.029228
1631709044.867701,180394.000,30062,2,EA,1,100,0.029228
1631709044.931826,180458.000,30078,1,EA,1,100,0.029228
1631709044.997955,180524.000,30097,2,EA,1,100,0.029226
1631709045.064085,180590.000,30097,2,EA,1,100,0.029228
1631709045.129212,180655.000,30115,1,EA,1,100,0.029228
1631709045.194840,180720.500,30134,2,EA,1,100,0.029226
1631709045.260468,180786.000,30134,2,EA,1,100,0.029223
1631709045.326597,180852.000,30150,1,EA,1,100,0.029228
1631709045.391224,180916.500,30170,2,EA,1,100,0.029228
1631709045.455850,180981.000,30170,2,EA,1,100,0.029225
1631709045.520977,181046.000,30188,1,EA,1,100,0.029227
1631709045.587608,181112.500,30207,2,EA,1,100,0.029224
1631709045.654238,181179.000,30207,2,EA,1,100,0.029229
1631709045.718363,181243.000,30225,1,EA,1,100,0.029228
1631709045.783991,181308.500,30242,2,EA,1,100,0.029227
1631709045.849620,181374.000,30242,2,EA,1,100,0.029228
1631709045.914246,181438.500,30260,2,EA,1,100,0.029226
1631709045.978872,181503.000,30260,2,EA,1,100,0.029225
1631709046.045002,181569.000,30279,1,EA,1,100,0.029219
1631709046.110630,181634.500,30297,2,EA,1,100,0.029226
1631709046.176258,181700.000,30297,2,EA,1,100,0.029227
1631709046.242387,181766.000,30314,1,EA,1,100,0.029220
1631709046.308015,181831.500,30332,2,EA,1,100,0.029226
1631709046.373644,181897.000,30332,2,EA,1,100,0.029229
1631709046.438771,181962.000,30352,1,EA,1,100,0.029229
1631709046.503898,182027.000,30370,2,EA,1,100,0.029227
1631709046.569026,182092.000,30370,2,EA,1,100,0.029229
1631709046.635155,182158.000,30387,1,EA,1,100,0.029227
1631709046.700282,182223.000,30405,2,EA,1,100,0.029226
1631709046.765409,182288.000,30405,2,EA,1,100,0.029224
1631709046.831538,182354.000,30424,1,EA,1,100,0.029226
1631709046.896666,182419.000,30442,2,EA,1,100,0.029225
1631709046.961793,182484.000,30442,2,EA,1,100,0.029227
1631709047.026920,182549.000,30461,2,EA,1,100,0.029229
1631709047.092048,182614.000,30461,2,EA,1,100,0.029229
1631709047.157175,182679.000,30477,1,EA,1,100,0.029229
1631709047.223304,182745.000,30496,2,EA,1,100,0.029228
1631709047.289433,182811.000,30496,2,EA,1,100,0.029228
1631709047.354561,182876.000,30515,1,EA,1,100,0.029228
1631709047.420189,182941.500,30534,2,EA,1,100,0.029224
1631709047.485817,183007.000,30534,2,EA,1,100,0.029222
1631709047.550443,183071.500,30550,2,EA,1,100,0.029228
1631709047.615070,183136.000,30550,2,EA,1,100,0.029226
1631709047.681199,183202.000,30569,1,EA,1,100,0.029227
1631709047.746326,183267.000,30587,2,EA,1,100,0.029226
1631709047.811454,183332.000,30587,2,EA,1,100,0.029223
1631709047.877583,183398.000,30606,1,EA,1,100,0.029221
1631709047.942710,183463.000,30624,2,EA,1,100,0.029227
1631709048.007837,183528.000,30624,2,EA,1,100,0.029228
1631709048.072964,183593.000,30641,1,EA,1,100,0.029218
1631709048.138593,183658.500,30659,2,EA,1,100,0.029227
1631709048.204221,183724.000,30659,2,EA,1,100,0.029228
1631709048.270350,183790.000,30683,2,EA,1,100,0.029224
1631709048.336479,183856.000,30683,2,EA,1,100,0.029229
1631709048.401607,183921.000,30702,1,EA,1,100,0.029229
1631709048.467235,183986.500,30721,2,EA,1,100,0.029229
1631709048.532863,184052.000,30721,2,EA,1,100,0.029228
1631709048.596989,184116.000,30737,1,EA,1,100,0.029229
1631709048.661615,184180.500,30756,2,EA,1,100,0.029218
1631709048.726241,184245.000,30756,2,EA,1,100,0.029227
1631709048.790366,184309.000,30774,1,EA,1,100,0.029228
1631709048.856997,184375.500,30793,2,EA,1,100,0.029227
1631709048.923627,184442.000,30793,2,EA,1,100,0.029224
1631709048.988754,184507.000,30811,2,EA,1,100,0.029224
1631709049.053881,184572.000,30811,2,EA,1,100,0.029226
1631709049.119009,184637.000,30828,1,EA,1,100,0.029224
1631709049.184136,184702.000,30846,2,EA,1,100,0.029229
1631709049.249263,184767.000,30846,2,EA,1,100,0.029229
1631709049.315392,184833.000,30866,1,EA,1,100,0.029225
1631709049.381522,184899.000,30884,2,EA,1,100,0.029229
1631709049.447651,184965.000,30884,2,EA,1,100,0.029228
1631709049.513780,185031.000,30901,1,EA,1,100,0.029222
1631709049.578407,185095.500,30919,2,EA,1,100,0.029227
1631709049.643033,185160.000,30919,2,EA,1,100,0.029229
1631709049.708160,185225.000,30938,1,EA,1,100,0.029227
1631709049.773788,185290.500,30956,2,EA,1,100,0.029222
1631709049.839417,185356.000,30956,2,EA,1,100,0.029229
1631709049.905546,185422.000,30975,1,EA,1,100,0.029229
1631709049.970673,185487.000,30991,2,EA,1,100,0.029226
1631709050.035800,185552.000,30991,2,EA,1,100,0.029228
1631709050.100928,185617.000,31010,2,EA,1,100,0.029223
1631709050.166055,185682.000,31010,2,EA,1,100,0.029220
1631709050.232184,185748.000,31028,1,EA,1,100,0.029227
1631709050.297812,185813.500,31048,2,EA,1,100,0.029223
1631709050.363441,185879.000,31048,2,EA,1,100,0.029229
1631709050.428568,185944.000,31064,1,EA,1,100,0.029229
1631709050.494196,186009.500,31083,2,EA,1,100,0.029229
1631709050.559824,186075.000,31083,2,EA,1,100,0.029227
1631709050.623950,186139.000,31101,1,EA,1,100,0.029221
1631709050.689578,186204.500,31120,2,EA,1,100,0.029226
1631709050.755206,186270.000,31120,2,EA,1,100,0.029226
1631709050.821336,186336.000,31136,1,EA,1,100,0.029227
1631709050.886463,186401.000,31155,2,EA,1,100,0.029228
1631709050.951590,186466.000,31155,2,EA,1,100,0.029225
1631709051.017218,186531.500,31173,2,EA,1,100,0.029229
1631709051.082847,186597.000,31173,2,EA,1,100,0.029229
1631709051.148976,186663.000,31192,1,EA,1,100,0.029228
1631709051.214604,186728.500,31210,2,EA,1,100,0.029229
1631709051.280232,186794.000,31210,2,EA,1,100,0.029229
1631709051.345360,186859.000,31228,1,EA,1,100,0.029229
1631709051.409986,186923.500,31246,2,EA,1,100,0.029224
1631709051.474612,186988.000,31246,2,EA,1,100,0.029221
1631709051.540240,187053.500,31265,2,EA,1,100,0.029228
1631709051.605869,187119.000,31265,2,EA,1,100,0.029228
1631709051.671998,187185.000,31283,1,EA,1,100,0.029227
1631709051.737626,187250.500,31302,2,EA,1,100,0.029223
1631709051.803254,187316.000,31302,2,EA,1,100,0.029222
1631709051.868382,187381.000,31318,1,EA,1,100,0.029228
1631709051.933008,187445.500,31337,2,EA,1,100,0.029224
1631709051.997634,187510.000,31337,2,EA,1,100,0.029221
1631709052.061759,187574.000,31355,1,EA,1,100,0.029225
1631709052.127889,187640.000,31374,2,EA,1,100,0.029229
1631709052.194018,187706.000,31374,2,EA,1,100,0.029229
1631709052.259145,187771.000,31391,1,EA,1,100,0.029228
1631709052.324774,187836.500,31410,2,EA,1,100,0.029222
1631709052.390402,187902.000,31410,2,EA,1,100,0.029226
1631709052.454527,187966.000,31428,2,EA,1,100,0.029223
1631709052.518652,188030.000,31428,2,EA,1,100,0.029228
1631709052.583780,188095.000,31447,1,EA,1,100,0.029224
1631709052.649909,188161.000,31465,2,EA,1,100,0.029229
1631709052.716038,188227.000,31465,2,EA,1,100,0.029228
1631709052.782167,188293.000,31482,1,EA,1,100,0.029228
1631709052.846794,188357.500,31500,2,EA,1,100,0.029224
1631709052.911420,188422.000,31500,2,EA,1,100,0.029226
1631709052.976547,188487.000,31519,1,EA,1,100,0.029219
1631709053.042176,188552.500,31537,2,EA,1,100,0.029227
1631709053.107804,188618.000,31537,2,EA,1,100,0.029224
1631709053.173933,188684.000,31554,1,EA,1,100,0.029226
1631709053.239561,188749.500,31573,2,EA,1,100,0.029224
1631709053.305190,188815.000,31573,2,EA,1,100,0.029229
1631709053.370651,188880.333,31595,3,EA,1,100,0.029227
1631709053.436112,188945.667,31595,3,EA,1,100,0.029226
1631709053.501573,189011.000,31595,3,EA,1,100,0.029228
1631709053.566700,189076.000,31614,1,EA,1,100,0.029227
1631709053.632329,189141.500,31632,2,EA,1,100,0.029225
1631709053.697957,189207.000,31632,2,EA,1,100,0.029229
1631709053.763084,189272.000,31651,1,EA,1,100,0.029228
1631709053.828212,189337.000,31669,2,EA,1,100,0.029229
1631709053.893339,189402.000,31669,2,EA,1,100,0.029228
1631709053.959468,189468.000,31686,1,EA,1,100,0.029226
1631709054.025096,189533.500,31704,2,EA,1,100,0.029228
1631709054.090725,189599.000,31704,2,EA,1,100,0.029229
1631709054.155852,189664.000,31723,1,EA,1,100,0.029225
1631709054.221480,189729.500,31742,2,EA,1,100,0.029228
1631709054.287108,189795.000,31742,2,EA,1,100,0.029227
1631709054.352737,189860.500,31761,2,EA,1,100,0.029228
1631709054.418365,189926.000,31761,2,EA,1,100,0.029229
1631709054.483492,189991.000,31777,1,EA,1,100,0.029224
1631709054.548620,190056.000,31796,2,EA,1,100,0.029223
1631709054.613747,190121.000,31796,2,EA,1,100,0.029225
1631709054.678874,190186.000,31814,1,EA,1,100,0.029226
1631709054.744001,190251.000,31833,2,EA,1,100,0.029229
1631709054.809129,190316.000,31833,2,EA,1,100,0.029229
1631709054.875258,190382.000,31849,1,EA,1,100,0.029229
1631709054.940886,190447.500,31868,2,EA,1,100,0.029226
1631709055.006514,190513.000,31868,2,EA,1,100,0.029220
1631709055.071641,190578.000,31886,2,EA,1,100,0.029227
1631709055.136769,190643.000,31886,2,EA,1,100,0.029225
1631709055.201896,190708.000,31906,1,EA,1,100,0.029228
1631709055.267524,190773.500,31924,2,EA,1,100,0.029228
1631709055.333153,190839.000,31924,2,EA,1,100,0.029229
1631709055.399282,190905.000,31941,1,EA,1,100,0.029225
1631709055.464910,190970.500,31959,2,EA,1,100,0.029224
1631709055.530538,191036.000,31959,2,EA,1,100,0.029229
1631709055.595666,191101.000,31978,1,EA,1,100,0.029226
1631709055.661294,191166.500,31996,2,EA,1,100,0.029221
1631709055.726922,191232.000,31996,2,EA,1,100,0.029230
1631709055.792049,191297.000,32013,1,EA,1,100,0.029228
1631709055.858179,191363.000,32031,2,EA,1,100,0.029227
1631709055.924308,191429.000,32031,2,EA,1,100,0.029223
1631709055.988433,191493.000,32050,1,EA,1,100,0.029226
1631709056.054061,191558.500,32068,2,EA,1,100,0.029228
1631709056.119690,191624.000,32068,2,EA,1,100,0.029228
1631709056.185819,191690.000,32088,1,EA,1,100,0.029223
1631709056.250946,191755.000,32104,2,EA,1,100,0.029227
1631709056.316073,191820.000,32104,2,EA,1,100,0.029226
1631709056.380700,191884.500,32123,2,EA,1,100,0.029229
1631709056.445326,191949.000,32123,2,EA,1,100,0.029228
1631709056.511455,192015.000,32141,1,EA,1,100,0.029228
1631709056.577084,192080.500,32160,2,EA,1,100,0.029228
1631709056.642712,192146.000,32160,2,EA,1,100,0.029227
1631709056.707839,192211.000,32176,1,EA,1,100,0.029223
1631709056.772966,192276.000,32195,2,EA,1,100,0.029220
1631709056.838094,192341.000,32195,2,EA,1,100,0.029226
1631709056.904223,192407.000,32213,1,EA,1,100,0.029225
1631709056.969350,192472.000,32232,2,EA,1,100,0.029226
1631709057.034477,192537.000,32232,2,EA,1,100,0.029228
1631709057.100106,192602.500,32250,2,EA,1,100,0.029229
1631709057.165734,192668.000,32250,2,EA,1,100,0.029230
1631709057.231863,192734.000,32268,1,EA,1,100,0.029228
1631709057.296489,192798.500,32286,2,EA,1,100,0.029223
1631709057.361116,192863.000,32286,2,EA,1,100,0.029225
1631709057.425241,192927.000,32305,1,EA,1,100,0.029224
1631709057.491370,192993.000,32323,2,EA,1,100,0.029228
1631709057.557499,193059.000,32323,2,EA,1,100,0.029227
1631709057.623629,193125.000,32342,2,EA,1,100,0.029229
1631709057.689758,193191.000,32342,2,EA,1,100,0.029229
1631709057.753883,193255.000,32358,1,EA,1,100,0.029257
1631709057.819511,193320.500,32377,2,EA,1,100,0.029247
1631709057.885140,193386.000,32377,2,EA,1,100,0.029261
1631709057.951269,193452.000,32395,1,EA,1,100,0.029234
1631709058.016396,193517.000,32414,2,EA,1,100,0.029213
1631709058.081524,193582.000,32414,2,EA,1,100,0.029217
1631709058.147653,193648.000,32433,1,EA,1,100,0.029220
1631709058.213281,193713.500,32450,2,EA,1,100,0.029219
1631709058.278909,193779.000,32450,2,EA,1,100,0.029221
1631709058.343536,193843.500,32468,2,EA,1,100,0.029223
1631709058.408162,193908.000,32468,2,EA,1,100,0.029224
1631709058.472287,193972.000,32487,1,EA,1,100,0.029224
1631709058.537915,194037.500,32511,2,EA,1,100,0.029224
1631709058.603544,194103.000,32511,2,EA,1,100,0.029224
1631709058.670174,194169.500,32529,2,EA,1,100,0.029225
1631709058.736804,194236.000,32529,2,EA,1,100,0.029225
1631709058.800930,194300.000,32548,1,EA,1,100,0.029227
1631709058.866057,194365.000,32564,2,EA,1,100,0.029227
1631709058.931184,194430.000,32564,2,EA,1,100,0.029228
1631709058.996812,194495.500,32583,2,EA,1,100,0.029227
1631709059.062440,194561.000,32583,2,EA,1,100,0.029227
1631709059.127568,194626.000,32602,1,EA,1,100,0.029228
1631709059.193196,194691.500,32621,2,EA,1,100,0.029227
1631709059.258824,194757.000,32621,2,EA,1,100,0.029227
1631709059.324954,194823.000,32637,1,EA,1,100,0.029228
1631709059.390081,194888.000,32656,2,EA,1,100,0.029227
1631709059.455208,194953.000,32656,2,EA,1,100,0.029228
1631709059.520335,195018.000,32674,1,EA,1,100,0.029227
1631709059.584962,195082.500,32693,2,EA,1,100,0.029227
1631709059.649588,195147.000,32693,2,EA,1,100,0.029228
1631709059.715717,195213.000,32709,1,EA,1,100,0.029228
1631709059.781846,195279.000,32728,2,EA,1,100,0.029227
1631709059.847975,195345.000,32728,2,EA,1,100,0.029228
1631709059.913103,195410.000,32746,1,EA,1,100,0.029228
1631709059.978230,195475.000,32765,2,EA,1,100,0.029227
1631709060.043357,195540.000,32765,2,EA,1,100,0.029227
1631709060.108986,195605.500,32784,2,EA,1,100,0.029228
1631709060.174614,195671.000,32784,2,EA,1,100,0.029227
1631709060.239741,195736.000,32801,1,EA,1,100,0.029226
1631709060.305871,195802.000,32819,2,EA,1,100,0.029227
1631709060.372000,195868.000,32819,2,EA,1,100,0.029227
1631709060.436125,195932.000,32838,1,EA,1,100,0.029225
1631709060.501753,195997.500,32856,2,EA,1,100,0.029226
1631709060.567381,196063.000,32856,2,EA,1,100,0.029227
1631709060.633511,196129.000,32873,1,EA,1,100,0.029227
1631709060.698638,196194.000,32891,2,EA,1,100,0.029226
1631709060.763765,196259.000,32891,2,EA,1,100,0.029227
1631709060.829895,196325.000,32910,1,EA,1,100,0.029228
1631709060.895523,196390.500,32928,2,EA,1,100,0.029227
1631709060.961151,196456.000,32928,2,EA,1,100,0.029228
1631709061.026278,196521.000,32947,1,EA,1,100,0.029227
1631709061.091406,196586.000,32964,2,EA,1,100,0.029227
1631709061.156533,196651.000,32964,2,EA,1,100,0.029227
1631709061.221159,196715.500,32983,2,EA,1,100,0.029227
1631709061.285785,196780.000,32983,2,EA,1,100,0.029227
1631709061.351915,196846.000,33001,1,EA,1,100,0.029227
1631709061.418044,196912.000,33020,2,EA,1,100,0.029227
1631709061.484173,196978.000,33020,2,EA,1,100,0.029227
1631709061.549300,197043.000,33036,1,EA,1,100,0.029228
1631709061.614428,197108.000,33055,2,EA,1,100,0.029226
1631709061.679555,197173.000,33055,2,EA,1,100,0.029227
1631709061.744682,197238.000,33073,1,EA,1,100,0.029228
1631709061.810310,197303.500,33092,2,EA,1,100,0.029226
1631709061.875939,197369.000,33092,2,EA,1,100,0.029227
1631709061.942068,197435.000,33108,1,EA,1,100,0.029228
1631709062.007696,197500.500,33128,2,EA,1,100,0.029226
1631709062.073324,197566.000,33128,2,EA,1,100,0.029228
1631709062.139454,197632.000,33146,1,EA,1,100,0.029227
1631709062.205082,197697.500,33165,2,EA,1,100,0.029227
1631709062.270710,197763.000,33165,2,EA,1,100,0.029228
1631709062.335837,197828.000,33183,2,EA,1,100,0.029227
1631709062.400965,197893.000,33183,2,EA,1,100,0.029227
1631709062.467094,197959.000,33200,1,EA,1,100,0.029227
1631709062.532722,198024.500,33218,2,EA,1,100,0.029227
1631709062.598351,198090.000,33218,2,EA,1,100,0.029228
1631709062.663478,198155.000,33237,1,EA,1,100,0.029227
1631709062.728605,198220.000,33255,2,EA,1,100,0.029228
1631709062.793732,198285.000,33255,2,EA,1,100,0.029228
1631709062.858860,198350.000,33272,1,EA,1,100,0.029228
1631709062.923987,198415.000,33290,2,EA,1,100,0.029227
1631709062.989114,198480.000,33290,2,EA,1,100,0.029228
1631709063.055243,198546.000,33310,1,EA,1,100,0.029228
1631709063.120872,198611.500,33328,2,EA,1,100,0.029226
1631709063.186500,198677.000,33328,2,EA,1,100,0.029227
1631709063.252128,198742.500,33347,2,EA,1,100,0.029227
1631709063.317756,198808.000,33347,2,EA,1,100,0.029227
1631709063.382884,198873.000,33363,1,EA,1,100,0.029228
1631709063.448512,198938.500,33382,2,EA,1,100,0.029227
1631709063.514140,199004.000,33382,2,EA,1,100,0.029228
1631709063.579268,199069.000,33400,1,EA,1,100,0.029227
1631709063.645063,199134.667,33420,3,EA,1,100,0.029226
1631709063.710858,199200.333,33420,3,EA,1,100,0.029227
1631709063.776653,199266.000,33420,3,EA,1,100,0.029228
1631709063.841780,199331.000,33438,1,EA,1,100,0.029227
1631709063.906407,199395.500,33457,2,EA,1,100,0.029227
1631709063.971033,199460.000,33457,2,EA,1,100,0.029227
1631709064.036160,199525.000,33474,1,EA,1,100,0.029227
1631709064.102289,199591.000,33493,2,EA,1,100,0.029227
1631709064.168419,199657.000,33493,2,EA,1,100,0.029227
1631709064.234548,199723.000,33511,1,EA,1,100,0.029229
1631709064.299174,199787.500,33530,2,EA,1,100,0.029226
1631709064.363801,199852.000,33530,2,EA,1,100,0.029228
1631709064.429429,199917.500,33548,2,EA,1,100,0.029228
1631709064.495057,199983.000,33548,2,EA,1,100,0.029227
1631709064.560184,200048.000,33565,1,EA,1,100,0.029228
1631709064.626314,200114.000,33583,2,EA,1,100,0.029228
1631709064.692443,200180.000,33583,2,EA,1,100,0.029228
1631709064.756568,200244.000,33602,1,EA,1,100,0.029229
1631709064.822196,200309.500,33620,2,EA,1,100,0.029228
1631709064.887825,200375.000,33620,2,EA,1,100,0.029229
1631709064.952952,200440.000,33637,1,EA,1,100,0.029229
1631709065.018079,200505.000,33656,2,EA,1,100,0.029228
1631709065.083206,200570.000,33656,2,EA,1,100,0.029228
1631709065.148334,200635.000,33675,1,EA,1,100,0.029227
1631709065.214964,200701.500,33693,2,EA,1,100,0.029227
1631709065.281594,200768.000,33693,2,EA,1,100,0.029227
1631709065.346721,200833.000,33710,1,EA,1,100,0.029227
1631709065.412350,200898.500,33728,2,EA,1,100,0.029225
1631709065.477978,200964.000,33728,2,EA,1,100,0.029227
1631709065.542103,201028.000,33747,2,EA,1,100,0.029227
1631709065.606229,201092.000,33747,2,EA,1,100,0.029227
1631709065.672358,201158.000,33765,1,EA,1,100,0.029226
1631709065.737485,201223.000,33784,2,EA,1,100,0.029227
1631709065.802612,201288.000,33784,2,EA,1,100,0.029228
1631709065.868742,201354.000,33800,1,EA,1,100,0.029227
1631709065.933869,201419.000,33819,2,EA,1,100,0.029221
1631709065.998996,201484.000,33819,2,EA,1,100,0.029221
1631709066.064123,201549.000,33838,1,EA,1,100,0.029226
1631709066.129752,201614.500,33857,2,EA,1,100,0.029225
1631709066.195380,201680.000,33857,2,EA,1,100,0.029220
1631709066.261509,201746.000,33873,1,EA,1,100,0.029224
1631709066.327137,201811.500,33892,2,EA,1,100,0.029230
1631709066.392766,201877.000,33892,2,EA,1,100,0.029461
1631709066.458895,201943.000,33910,1,EA,1,100,0.029839
1631709066.523521,202007.500,33929,2,EA,1,100,0.029977
1631709066.588147,202072.000,33929,2,EA,1,100,0.029927
1631709066.653275,202137.000,33947,2,EA,1,100,0.029193
1631709066.718402,202202.000,33947,2,EA,1,100,0.029305
1631709066.783529,202267.000,33964,1,EA,1,100,0.029379
1631709066.849158,202332.500,33982,2,EA,1,100,0.029422
1631709066.914786,202398.000,33982,2,EA,1,100,0.029442
1631709066.979913,202463.000,34002,1,EA,1,100,0.029444
1631709067.045541,202528.500,34020,2,EA,1,100,0.029433
1631709067.111170,202594.000,34020,2,EA,1,100,0.029423
1631709067.176297,202659.000,34036,1,EA,1,100,0.029482
1631709067.241925,202724.500,34054,2,EA,1,100,0.029546
1631709067.307553,202790.000,34054,2,EA,1,100,0.029597
1631709067.373682,202856.000,34073,1,EA,1,100,0.029618
1631709067.439311,202921.500,34091,2,EA,1,100,0.029626
1631709067.504939,202987.000,34091,2,EA,1,100,0.029629
1631709067.569565,203051.500,34110,2,EA,1,100,0.029621
1631709067.634192,203116.000,34110,2,EA,1,100,0.029608
1631709067.699319,203181.000,34126,1,EA,1,100,0.029600
1631709067.764947,203246.500,34145,2,EA,1,100,0.029578
1631709067.830575,203312.000,34145,2,EA,1,100,0.029551
1631709067.896705,203378.000,34163,1,EA,1,100,0.029559
1631709067.962333,203443.500,34183,2,EA,1,100,0.029573
1631709068.027961,203509.000,34183,2,EA,1,100,0.029501
1631709068.094090,203575.000,34199,1,EA,1,100,0.029483
1631709068.158717,203639.500,34218,2,EA,1,100,0.029471
1631709068.223343,203704.000,34218,2,EA,1,100,0.029458
1631709068.288470,203769.000,34236,1,EA,1,100,0.029439
1631709068.354099,203834.500,34255,2,EA,1,100,0.029422
1631709068.419727,203900.000,34255,2,EA,1,100,0.029421
1631709068.485856,203966.000,34273,2,EA,1,100,0.029406
1631709068.551985,204032.000,34273,2,EA,1,100,0.029395
1631709068.617113,204097.000,34290,1,EA,1,100,0.029384
1631709068.682240,204162.000,34308,2,EA,1,100,0.029374
1631709068.747367,204227.000,34308,2,EA,1,100,0.029364
1631709068.812995,204292.500,34330,2,EA,1,100,0.029356
1631709068.878623,204358.000,34330,2,EA,1,100,0.029345
1631709068.944753,204424.000,34349,2,EA,1,100,0.029331
1631709069.010882,204490.000,34349,2,EA,1,100,0.029332
1631709069.076009,204555.000,34368,1,EA,1,100,0.029326
1631709069.141638,204620.500,34386,2,EA,1,100,0.029319
1631709069.207266,204686.000,34386,2,EA,1,100,0.029311
1631709069.271391,204750.000,34403,1,EA,1,100,0.029299
1631709069.337019,204815.500,34421,2,EA,1,100,0.029295
1631709069.402648,204881.000,34421,2,EA,1,100,0.029294
1631709069.467775,204946.000,34440,1,EA,1,100,0.029289
1631709069.533403,205011.500,34458,2,EA,1,100,0.029287
1631709069.599031,205077.000,34458,2,EA,1,100,0.029283
1631709069.665161,205143.000,34477,1,EA,1,100,0.029277
1631709069.730288,205208.000,34493,2,EA,1,100,0.029276
1631709069.795415,205273.000,34493,2,EA,1,100,0.029274
1631709069.860543,205338.000,34512,2,EA,1,100,0.029267
1631709069.925670,205403.000,34512,2,EA,1,100,0.029267
1631709069.991799,205469.000,34531,1,EA,1,100,0.029263
1631709070.056425,205533.500,34550,2,EA,1,100,0.029266
1631709070.121052,205598.000,34550,2,EA,1,100,0.029263
1631709070.187181,205664.000,34566,1,EA,1,100,0.029256
1631709070.252308,205729.000,34585,2,EA,1,100,0.029255
1631709070.317435,205794.000,34585,2,EA,1,100,0.029254
1631709070.382563,205859.000,34603,1,EA,1,100,0.029248
1631709070.448191,205924.500,34622,2,EA,1,100,0.029236
1631709070.513819,205990.000,34622,2,EA,1,100,0.029249
1631709070.578946,206055.000,34640,1,EA,1,100,0.029248
1631709070.645076,206121.000,34657,2,EA,1,100,0.029239
1631709070.711205,206187.000,34657,2,EA,1,100,0.029245
1631709070.776332,206252.000,34675,2,EA,1,100,0.029240
1631709070.841460,206317.000,34675,2,EA,1,100,0.029244
1631709070.906587,206382.000,34695,1,EA,1,100,0.029242
1631709070.972215,206447.500,34713,2,EA,1,100,0.029238
1631709071.037843,206513.000,34713,2,EA,1,100,0.029243
1631709071.101969,206577.000,34730,1,EA,1,100,0.029240
1631709071.167597,206642.500,34748,2,EA,1,100,0.029238
1631709071.233225,206708.000,34748,2,EA,1,100,0.029238
1631709071.299354,206774.000,34767,1,EA,1,100,0.029236
1631709071.364481,206839.000,34785,2,EA,1,100,0.029236
1631709071.429609,206904.000,34785,2,EA,1,100,0.029229
1631709071.495738,206970.000,34802,1,EA,1,100,0.029234
1631709071.560865,207035.000,34820,2,EA,1,100,0.029235
1631709071.625993,207100.000,34820,2,EA,1,100,0.029233
1631709071.690118,207164.000,34839,1,EA,1,100,0.029226
1631709071.756748,207230.500,34857,2,EA,1,100,0.029227
1631709071.823378,207297.000,34857,2,EA,1,100,0.029233
1631709071.888005,207361.500,34877,2,EA,1,100,0.029230
1631709071.952631,207426.000,34877,2,EA,1,100,0.029228
1631709072.017758,207491.000,34893,1,EA,1,100,0.029233
1631709072.082886,207556.000,34912,2,EA,1,100,0.029233
1631709072.148013,207621.000,34912,2,EA,1,100,0.029233
1631709072.213140,207686.000,34930,1,EA,1,100,0.029234
1631709072.279269,207752.000,34949,2,EA,1,100,0.029233
1631709072.345398,207818.000,34949,2,EA,1,100,0.029242
1631709072.411528,207884.000,34965,1,EA,1,100,0.029231
1631709072.476655,207949.000,34984,2,EA,1,100,0.029223
1631709072.541782,208014.000,34984,2,EA,1,100,0.029226
1631709072.606910,208079.000,35002,1,EA,1,100,0.029230
1631709072.671536,208143.500,35021,2,EA,1,100,0.029229
1631709072.736162,208208.000,35021,2,EA,1,100,0.029226
1631709072.802291,208274.000,35039,1,EA,1,100,0.029228
1631709072.867920,208339.500,35057,2,EA,1,100,0.029229
1631709072.933548,208405.000,35057,2,EA,1,100,0.029223
1631709072.998675,208470.000,35075,2,EA,1,100,0.029227
1631709073.063802,208535.000,35075,2,EA,1,100,0.029227
1631709073.129932,208601.000,35094,1,EA,1,100,0.029224
1631709073.195059,208666.000,35112,2,EA,1,100,0.029227
1631709073.260186,208731.000,35112,2,EA,1,100,0.029231
1631709073.324311,208795.000,35129,1,EA,1,100,0.029231
1631709073.390441,208861.000,35147,2,EA,1,100,0.029230
1631709073.456570,208927.000,35147,2,EA,1,100,0.029230
1631709073.520695,208991.000,35166,1,EA,1,100,0.029229
1631709073.586323,209056.500,35184,2,EA,1,100,0.029224
1631709073.651952,209122.000,35184,2,EA,1,100,0.029230
1631709073.717079,209187.000,35201,1,EA,1,100,0.029228
1631709073.782206,209252.000,35220,2,EA,1,100,0.029227
1631709073.847334,209317.000,35220,2,EA,1,100,0.029228
1631709073.912962,209382.500,35244,2,EA,1,100,0.029229
1631709073.978590,209448.000,35244,2,EA,1,100,0.029227
1631709074.044218,209513.500,35262,2,EA,1,100,0.029219
1631709074.109847,209579.000,35262,2,EA,1,100,0.029224
1631709074.175976,209645.000,35281,1,EA,1,100,0.029230
1631709074.241103,209710.000,35299,2,EA,1,100,0.029234
1631709074.306230,209775.000,35299,2,EA,1,100,0.029224
1631709074.371358,209840.000,35318,2,EA,1,100,0.029225
1631709074.436485,209905.000,35318,2,EA,1,100,0.029229
1631709074.502614,209971.000,35334,1,EA,1,100,0.029225
1631709074.568242,210036.500,35353,2,EA,1,100,0.029226
1631709074.633871,210102.000,35353,2,EA,1,100,0.029229
1631709074.698998,210167.000,35371,1,EA,1,100,0.029229
1631709074.763624,210231.500,35390,2,EA,1,100,0.029229
1631709074.828250,210296.000,35390,2,EA,1,100,0.029226
1631709074.893378,210361.000,35407,1,EA,1,100,0.029224
1631709074.959006,210426.500,35426,2,EA,1,100,0.029220
1631709075.024634,210492.000,35426,2,EA,1,100,0.029228
1631709075.091765,210559.000,35444,1,EA,1,100,0.029229
1631709075.157394,210624.500,35463,2,EA,1,100,0.029227
1631709075.223022,210690.000,35463,2,EA,1,100,0.029227
1631709075.287648,210754.500,35481,2,EA,1,100,0.029227
1631709075.352275,210819.000,35481,2,EA,1,100,0.029224
1631709075.416400,210883.000,35498,1,EA,1,100,0.029223
1631709075.482529,210949.000,35516,2,EA,1,100,0.029224
1631709075.548658,211015.000,35516,2,EA,1,100,0.029230
1631709075.613786,211080.000,35535,1,EA,1,100,0.029224
1631709075.679414,211145.500,35553,2,EA,1,100,0.029224
1631709075.745042,211211.000,35553,2,EA,1,100,0.029228
1631709075.810169,211276.000,35571,1,EA,1,100,0.029226
1631709075.875297,211341.000,35589,2,EA,1,100,0.029229
1631709075.940424,211406.000,35589,2,EA,1,100,0.029230
1631709076.005551,211471.000,35608,1,EA,1,100,0.029225
1631709076.071681,211537.000,35626,2,EA,1,100,0.029223
1631709076.137810,211603.000,35626,2,EA,1,100,0.029227
1631709076.201935,211667.000,35645,1,EA,1,100,0.029223
1631709076.267563,211732.500,35661,2,EA,1,100,0.029229
1631709076.333191,211798.000,35661,2,EA,1,100,0.029226
1631709076.397317,211862.000,35680,2,EA,1,100,0.029229
1631709076.461442,211926.000,35680,2,EA,1,100,0.029229
1631709076.527571,211992.000,35698,1,EA,1,100,0.029228
1631709076.593200,212057.500,35717,2,EA,1,100,0.029228
1631709076.658828,212123.000,35717,2,EA,1,100,0.029225
1631709076.724957,212189.000,35733,1,EA,1,100,0.029225
1631709076.790585,212254.500,35753,2,EA,1,100,0.029227
1631709076.856214,212320.000,35753,2,EA,1,100,0.029231
1631709076.921341,212385.000,35771,1,EA,1,100,0.029228
1631709076.985967,212449.500,35790,2,EA,1,100,0.029227
1631709077.050593,212514.000,35790,2,EA,1,100,0.029225
1631709077.116723,212580.000,35806,1,EA,1,100,0.029228
1631709077.181850,212645.000,35825,2,EA,1,100,0.029224
1631709077.246977,212710.000,35825,2,EA,1,100,0.029228
1631709077.313107,212776.000,35843,1,EA,1,100,0.029223
1631709077.377733,212840.500,35862,2,EA,1,100,0.029229
1631709077.442359,212905.000,35862,2,EA,1,100,0.029229
1631709077.507987,212970.500,35880,2,EA,1,100,0.029229
1631709077.573616,213036.000,35880,2,EA,1,100,0.029230
1631709077.638743,213101.000,35897,1,EA,1,100,0.029228
1631709077.704872,213167.000,35915,2,EA,1,100,0.029228
1631709077.771001,213233.000,35915,2,EA,1,100,0.029222
1631709077.836129,213298.000,35935,1,EA,1,100,0.029227
1631709077.901757,213363.500,35953,2,EA,1,100,0.029228
1631709077.967385,213429.000,35953,2,EA,1,100,0.029229
1631709078.031510,213493.000,35970,1,EA,1,100,0.029229
1631709078.097139,213558.500,35988,2,EA,1,100,0.029222
1631709078.162767,213624.000,35988,2,EA,1,100,0.029221
1631709078.227894,213689.000,36007,1,EA,1,100,0.029220
1631709078.294024,213755.000,36025,2,EA,1,100,0.029221
1631709078.360153,213821.000,36025,2,EA,1,100,0.029230
1631709078.425280,213886.000,36044,2,EA,1,100,0.029230
1631709078.490407,213951.000,36044,2,EA,1,100,0.029223
1631709078.555534,214016.000,36060,1,EA,1,100,0.029226
1631709078.620662,214081.000,36079,2,EA,1,100,0.029223
1631709078.685789,214146.000,36079,2,EA,1,100,0.029219
1631709078.751918,214212.000,36098,1,EA,1,100,0.029228
1631709078.817547,214277.500,36117,2,EA,1,100,0.029229
1631709078.883175,214343.000,36117,2,EA,1,100,0.029231
1631709078.949304,214409.000,36133,1,EA,1,100,0.029262
1631709079.014097,214473.667,36157,3,EA,1,100,0.029224
1631709079.078891,214538.333,36157,3,EA,1,100,0.029229
1631709079.143684,214603.000,36157,3,EA,1,100,0.029229
1631709079.209813,214669.000,36175,1,EA,1,100,0.029218
1631709079.274940,214734.000,36194,2,EA,1,100,0.029229
1631709079.340068,214799.000,36194,2,EA,1,100,0.029228
1631709079.406197,214865.000,36212,1,EA,1,100,0.029229
1631709079.472326,214931.000,36231,2,EA,1,100,0.029230
1631709079.538455,214997.000,36231,2,EA,1,100,0.029226
1631709079.603583,215062.000,36247,1,EA,1,100,0.029227
1631709079.668710,215127.000,36266,2,EA,1,100,0.029226
1631709079.733837,215192.000,36266,2,EA,1,100,0.029225
1631709079.799966,215258.000,36285,1,EA,1,100,0.029217
1631709079.865094,215323.000,36304,2,EA,1,100,0.029225
1631709079.930221,215388.000,36304,2,EA,1,100,0.029227
1631709079.996350,215454.000,36322,1,EA,1,100,0.029229
1631709080.061477,215519.000,36339,2,EA,1,100,0.029223
1631709080.126605,215584.000,36339,2,EA,1,100,0.029224
1631709080.192233,215649.500,36357,2,EA,1,100,0.029229
1631709080.257861,215715.000,36357,2,EA,1,100,0.029226
1631709080.322989,215780.000,36376,1,EA,1,100,0.029228
1631709080.388617,215845.500,36394,2,EA,1,100,0.029230
1631709080.454245,215911.000,36394,2,EA,1,100,0.029229
1631709080.520374,215977.000,36411,1,EA,1,100,0.029225
1631709080.585501,216042.000,36429,2,EA,1,100,0.029229
1631709080.650629,216107.000,36429,2,EA,1,100,0.029229
1631709080.715756,216172.000,36449,1,EA,1,100,0.029229
1631709080.781384,216237.500,36467,2,EA,1,100,0.029226
1631709080.847013,216303.000,36467,2,EA,1,100,0.029227
1631709080.912140,216368.000,36484,1,EA,1,100,0.029226
1631709080.977768,216433.500,36502,2,EA,1,100,0.029229
1631709081.043396,216499.000,36502,2,EA,1,100,0.029233
1631709081.109526,216565.000,36521,1,EA,1,100,0.029221
1631709081.174653,216630.000,36539,2,EA,1,100,0.029229
1631709081.239780,216695.000,36539,2,EA,1,100,0.029227
1631709081.305408,216760.500,36558,2,EA,1,100,0.029221
1631709081.371037,216826.000,36558,2,EA,1,100,0.029228
1631709081.436164,216891.000,36574,1,EA,1,100,0.029224
1631709081.500790,216955.500,36593,2,EA,1,100,0.029230
1631709081.565417,217020.000,36593,2,EA,1,100,0.029233
1631709081.632548,217087.000,36611,1,EA,1,100,0.029232
1631709081.697174,217151.500,36631,2,EA,1,100,0.029220
1631709081.761800,217216.000,36631,2,EA,1,100,0.029227
1631709081.826927,217281.000,36647,1,EA,1,100,0.029223
1631709081.892556,217346.500,36666,2,EA,1,100,0.029227
1631709081.958184,217412.000,36666,2,EA,1,100,0.029228
1631709082.023311,217477.000,36684,1,EA,1,100,0.029222
1631709082.089441,217543.000,36703,2,EA,1,100,0.029229
1631709082.155570,217609.000,36703,2,EA,1,100,0.029228
1631709082.220697,217674.000,36721,2,EA,1,100,0.029229
1631709082.285824,217739.000,36721,2,EA,1,100,0.029229
1631709082.351954,217805.000,36738,1,EA,1,100,0.029226
1631709082.417081,217870.000,36756,2,EA,1,100,0.029228
1631709082.482208,217935.000,36756,2,EA,1,100,0.029226
1631709082.546333,217999.000,36775,1,EA,1,100,0.029225
1631709082.611962,218064.500,36793,2,EA,1,100,0.029229
1631709082.677590,218130.000,36793,2,EA,1,100,0.029229
1631709082.742717,218195.000,36811,1,EA,1,100,0.029229
1631709082.807844,218260.000,36829,2,EA,1,100,0.029222
1631709082.872972,218325.000,36829,2,EA,1,100,0.029227
1631709082.939101,218391.000,36848,1,EA,1,100,0.029221
1631709083.004228,218456.000,36866,2,EA,1,100,0.029227
1631709083.069355,218521.000,36866,2,EA,1,100,0.029405
1631709083.134483,218586.000,36885,2,EA,1,100,0.029894
1631709083.199610,218651.000,36885,2,EA,1,100,0.030143
1631709083.265739,218717.000,36901,1,EA,1,100,0.029365
1631709083.330867,218782.000,36920,2,EA,1,100,0.029574
1631709083.395994,218847.000,36920,2,EA,1,100,0.029719
1631709083.461121,218912.000,36938,1,EA,1,100,0.029812
1631709083.525747,218976.500,36957,2,EA,1,100,0.029864
1631709083.590374,219041.000,36957,2,EA,1,100,0.029885
1631709083.655501,219106.000,36974,1,EA,1,100,0.029882
1631709083.721129,219171.500,36993,2,EA,1,100,0.029864
1631709083.786757,219237.000,36993,2,EA,1,100,0.029831
1631709083.852887,219303.000,37011,1,EA,1,100,0.029789
1631709083.918014,219368.000,37030,2,EA,1,100,0.029771
1631709083.983141,219433.000,37030,2,EA,1,100,0.029829
1631709084.048269,219498.000,37047,1,EA,1,100,0.029859
1631709084.113396,219563.000,37069,3,EA,1,100,0.029905
1631709084.178523,219628.000,37069,3,EA,1,100,0.029941
1631709084.243650,219693.000,37069,3,EA,1,100,0.029916
1631709084.309780,219759.000,37087,1,EA,1,100,0.029820
1631709084.375408,219824.500,37106,2,EA,1,100,0.029816
1631709084.441036,219890.000,37106,2,EA,1,100,0.029787
1631709084.506163,219955.000,37124,1,EA,1,100,0.029753
1631709084.571291,220020.000,37144,2,EA,1,100,0.029728
1631709084.636418,220085.000,37144,2,EA,1,100,0.029706
1631709084.701545,220150.000,37162,2,EA,1,100,0.029747
1631709084.766672,220215.000,37162,2,EA,1,100,0.029647
1631709084.832802,220281.000,37179,1,EA,1,100,0.029608
1631709084.898430,220346.500,37197,2,EA,1,100,0.029591
1631709084.964058,220412.000,37197,2,EA,1,100,0.029574
1631709085.030187,220478.000,37216,1,EA,1,100,0.029543
1631709085.094814,220542.500,37234,2,EA,1,100,0.029532
1631709085.159440,220607.000,37234,2,EA,1,100,0.029527
1631709085.223565,220671.000,37251,1,EA,1,100,0.029486
1631709085.289695,220737.000,37269,2,EA,1,100,0.029477
1631709085.355824,220803.000,37269,2,EA,1,100,0.029569
1631709085.420951,220868.000,37288,1,EA,1,100,0.029503
1631709085.486579,220933.500,37306,2,EA,1,100,0.029401
1631709085.552207,220999.000,37306,2,EA,1,100,0.029396
1631709085.617836,221064.500,37326,2,EA,1,100,0.029384
1631709085.683464,221130.000,37326,2,EA,1,100,0.029406
1631709085.748591,221195.000,37342,1,EA,1,100,0.029383
1631709085.814220,221260.500,37361,2,EA,1,100,0.029356
1631709085.879848,221326.000,37361,2,EA,1,100,0.029349
1631709085.945977,221392.000,37379,1,EA,1,100,0.029382
1631709086.011104,221457.000,37398,2,EA,1,100,0.029352
1631709086.076232,221522.000,37398,2,EA,1,100,0.029350
1631709086.141359,221587.000,37414,1,EA,1,100,0.029333
1631709086.205985,221651.500,37433,2,EA,1,100,0.029331
1631709086.270612,221716.000,37433,2,EA,1,100,0.029285
1631709086.336741,221782.000,37451,1,EA,1,100,0.029372
1631709086.402369,221847.500,37470,2,EA,1,100,0.029547
1631709086.467997,221913.000,37470,2,EA,1,100,0.029254
1631709086.534127,221979.000,37488,1,EA,1,100,0.029221
1631709086.599755,222044.500,37506,2,EA,1,100,0.029233
1631709086.665383,222110.000,37506,2,EA,1,100,0.029248
1631709086.730009,222174.500,37524,2,EA,1,100,0.029266
1631709086.794636,222239.000,37524,2,EA,1,100,0.029429
1631709086.859763,222304.000,37543,1,EA,1,100,0.029272
1631709086.925892,222370.000,37561,2,EA,1,100,0.029228
1631709086.992021,222436.000,37561,2,EA,1,100,0.029218
1631709087.056147,222500.000,37578,1,EA,1,100,0.029219
1631709087.121775,222565.500,37596,2,EA,1,100,0.029233
1631709087.187403,222631.000,37596,2,EA,1,100,0.029242
1631709087.252530,222696.000,37615,1,EA,1,100,0.029233
1631709087.318159,222761.500,37633,2,EA,1,100,0.029249
1631709087.383787,222827.000,37633,2,EA,1,100,0.029291
1631709087.448914,222892.000,37650,1,EA,1,100,0.029238
1631709087.515043,222958.000,37669,2,EA,1,100,0.029236
1631709087.581173,223024.000,37669,2,EA,1,100,0.029241
1631709087.646300,223089.000,37688,1,EA,1,100,0.029229
1631709087.711928,223154.500,37706,2,EA,1,100,0.029233
1631709087.777556,223220.000,37706,2,EA,1,100,0.029245
1631709087.841682,223284.000,37725,2,EA,1,100,0.029264
1631709087.905807,223348.000,37725,2,EA,1,100,0.029228
1631709087.971936,223414.000,37741,1,EA,1,100,0.029244
1631709088.037064,223479.000,37760,2,EA,1,100,0.029259
1631709088.102191,223544.000,37760,2,EA,1,100,0.029231
1631709088.169322,223611.000,37778,1,EA,1,100,0.029232
1631709088.234950,223676.500,37797,2,EA,1,100,0.029296
1631709088.300579,223742.000,37797,2,EA,1,100,0.029230
1631709088.365706,223807.000,37813,1,EA,1,100,0.029228
1631709088.430833,223872.000,37832,2,EA,1,100,0.029222
1631709088.495960,223937.000,37832,2,EA,1,100,0.029230
1631709088.562090,224003.000,37851,1,EA,1,100,0.029233
1631709088.627718,224068.500,37870,2,EA,1,100,0.029224
1631709088.693346,224134.000,37870,2,EA,1,100,0.029229
1631709088.759475,224200.000,37888,1,EA,1,100,0.029232
1631709088.824102,224264.500,37905,2,EA,1,100,0.029230
1631709088.888728,224329.000,37905,2,EA,1,100,0.029228
1631709088.954356,224394.500,37923,2,EA,1,100,0.029232
1631709089.019984,224460.000,37923,2,EA,1,100,0.029232
1631709089.085112,224525.000,37942,1,EA,1,100,0.029228
1631709089.150740,224590.500,37960,2,EA,1,100,0.029232
1631709089.216368,224656.000,37960,2,EA,1,100,0.029232
1631709089.281996,224721.500,37980,2,EA,1,100,0.029230
1631709089.347625,224787.000,37980,2,EA,1,100,0.029230
1631709089.412752,224852.000,37998,2,EA,1,100,0.029222
1631709089.477879,224917.000,37998,2,EA,1,100,0.029229
1631709089.543006,224982.000,38016,1,EA,1,100,0.029232
1631709089.608635,225047.500,38034,2,EA,1,100,0.029227
1631709089.674263,225113.000,38034,2,EA,1,100,0.029511
1631709089.739390,225178.000,38053,1,EA,1,100,0.029839
1631709089.805019,225243.500,38071,2,EA,1,100,0.029015
1631709089.870647,225309.000,38071,2,EA,1,100,0.028818
1631709089.935774,225374.000,38088,1,EA,1,100,0.029000
1631709090.001402,225439.500,38105,2,EA,1,100,0.029434
1631709090.067031,225505.000,38105,2,EA,1,100,0.028973
1631709090.132158,225570.000,38123,1,EA,1,100,0.029038
1631709090.197786,225635.500,38141,2,EA,1,100,0.029123
1631709090.263414,225701.000,38141,2,EA,1,100,0.029188
1631709090.329043,225766.500,38160,2,EA,1,100,0.029221
1631709090.394671,225832.000,38160,2,EA,1,100,0.029257
1631709090.458796,225896.000,38176,1,EA,1,100,0.029282
1631709090.523923,225961.000,38196,2,EA,1,100,0.029294
1631709090.589051,226026.000,38196,2,EA,1,100,0.029306
1631709090.655180,226092.000,38214,1,EA,1,100,0.029301
1631709090.720307,226157.000,38233,2,EA,1,100,0.029307
1631709090.785434,226222.000,38233,2,EA,1,100,0.029306
1631709090.851564,226288.000,38251,1,EA,1,100,0.029307
1631709090.917192,226353.500,38268,2,EA,1,100,0.029306
1631709090.982820,226419.000,38268,2,EA,1,100,0.029305
1631709091.048449,226484.500,38286,2,EA,1,100,0.029300
1631709091.114077,226550.000,38286,2,EA,1,100,0.029299
1631709091.179204,226615.000,38305,1,EA,1,100,0.029297
1631709091.244331,226680.000,38323,2,EA,1,100,0.029292
1631709091.309458,226745.000,38323,2,EA,1,100,0.029290
1631709091.374586,226810.000,38340,1,EA,1,100,0.029280
1631709091.440715,226876.000,38358,2,EA,1,100,0.029283
1631709091.506844,226942.000,38358,2,EA,1,100,0.029280
1631709091.571972,227007.000,38378,1,EA,1,100,0.029271
1631709091.637600,227072.500,38396,2,EA,1,100,0.029271
1631709091.703228,227138.000,38396,2,EA,1,100,0.029264
1631709091.768355,227203.000,38413,1,EA,1,100,0.029261
1631709091.833984,227268.500,38431,2,EA,1,100,0.029263
1631709091.899612,227334.000,38431,2,EA,1,100,0.029258
1631709091.965741,227400.000,38450,1,EA,1,100,0.029257
1631709092.030868,227465.000,38468,2,EA,1,100,0.029254
1631709092.095996,227530.000,38468,2,EA,1,100,0.029255
1631709092.161624,227595.500,38487,2,EA,1,100,0.029243
1631709092.227252,227661.000,38487,2,EA,1,100,0.029251
1631709092.293381,227727.000,38503,1,EA,1,100,0.029251
1631709092.358008,227791.500,38522,2,EA,1,100,0.029246
1631709092.422634,227856.000,38522,2,EA,1,100,0.029245
1631709092.488763,227922.000,38541,1,EA,1,100,0.029243
1631709092.554391,227987.500,38560,2,EA,1,100,0.029246
1631709092.620020,228053.000,38560,2,EA,1,100,0.029245
1631709092.685147,228118.000,38576,1,EA,1,100,0.029241
